ID	sample_1	sample_2	sample_4	sample_3	sample_5	sample_6	sample_7	sample_8	sample_9	sample_10	sample_11	sample_12
feature_0	5.10553441	4.81669279	5.077243	4.64385619	4.74092756	4.73490313	2.13464953	2.92439434	2.95419631	1.38003105	2.2370392	2.65950945
feature_1	2.01398423	2.5178483	2.50589093	1	1.7398481	2.1186445	5.25943625	5.28175048	5.59245704	5.30252939	5.38740193	5.38448943
feature_2	4.97221522	5.18802681	5.79701298	4.52356196	4.91886324	4.14684139	4.16643602	2.10291831	1.70043972	2.5380959	3.07528813	2.18442457
feature_3	4.97221522	nan	nan	4.52356196	4.91886324	4.14684139	4.16643602	2.10291831	1.70043972	2.5380959	3.07528813	2.18442457
feature_4	nan	nan	nan	nan	nan	nan	4.16643602	2.10291831	1.70043972	2.5380959	3.07528813	2.18442457
feature_5	4.01745921	5.18802681	4.1826923	5.08746284	4.01881219	5.32192809	4.41601726	5.83360281	4.80735492	5.835315	4.6520767	5.85118116
feature_6	2.01398423	3.80735492	2.8559897	3.9068906	3.91073266	3.95286602	2.13464953	2.57135207	4.80735492	2.5380959	4.6520767	1.47130572
feature_7	1.3331263	1.12553088	1.35614381	1	1.11769504	1.08017035	1.43063435	1.40484173	1.70043972	1.38003105	1.51457317	1.47130572
feature_8	0	0	0	0	0	0	0	0	0	0	0	0