ID	sample_1	sample_2	sample_4	sample_3	sample_5	sample_6	sample_7	sample_8	sample_9	sample_10	sample_11	sample_12
feature_0	33.42857143	27.18181818	32.76	24	25.74	25.62857143	3.39130435	6.5915493	6.75	1.60273973	3.71428571	5.31818182
feature_1	3.03896104	4.72727273	4.68	1	2.34	3.34285714	37.30434783	37.90140845	47.25	38.46575342	40.85714286	40.77272727
feature_2	30.38961039	35.45454545	54.6	22	29.25	16.71428571	16.95652174	3.29577465	2.25	4.80821918	7.42857143	3.54545455
feature_3	30.38961039	nan	nan	22	29.25	16.71428571	16.95652174	3.29577465	2.25	4.80821918	7.42857143	3.54545455
feature_4	nan	nan	nan	nan	nan	nan	16.95652174	3.29577465	2.25	4.80821918	7.42857143	3.54545455
feature_5	15.19480519	35.45454545	17.16	33	15.21	39	20.34782609	56.02816901	27	56.09589041	24.14285714	56.72727273
feature_6	3.03896104	13	6.24	14	14.04	14.48571429	3.39130435	4.94366197	27	4.80821918	24.14285714	1.77272727
feature_7	1.51948052	1.18181818	1.56	1	1.17	1.11428571	1.69565217	1.64788732	2.25	1.60273973	1.85714286	1.77272727
feature_8	0	0	0	0	0	0	0	0	0	0	0	0